date,username,net_equity,cash,open_value,open_positions,entries_that_day
2026-09-19,favorite-cash,99680.54602,79838.55559,19841.99043,222,222
2026-09-20,favorite-cash,99453.05242,72573.00261,26880.04981,414,192
2026-09-21,favorite-cash,99575.730525,70708.09993,28867.630595,493,79
2026-09-22,favorite-cash,99402.69805,61817.833,37584.86505,617,124
2026-09-23,favorite-cash,99321.5828,60022.68271,39298.90009,678,61
2026-09-24,favorite-cash,99073.643645,57635.64688,41437.996765,790,112
2026-09-25,favorite-cash,99282.98951,55624.78607,43658.20344,985,195
2026-09-26,favorite-cash,99341.43681,54808.64653,44532.79028,1047,62
2026-09-27,favorite-cash,99288.75704,53991.73163,45297.02541,1105,58
2026-09-28,favorite-cash,99066.37181,53114.14636,45952.22545,1206,101
2026-09-29,favorite-cash,98718.730025,51538.77901,47179.951015,1264,58
2026-09-30,favorite-cash,98778.97059,49659.63618,49119.33441,1320,56
2026-10-01,favorite-cash,98575.746055,48128.05341,50447.692645,1366,46
2026-10-02,favorite-cash,98264.98523,45805.28659,52459.69864,1411,45
2026-10-03,favorite-cash,98046.585265,44996.80307,53049.782195,1456,45
2026-10-04,favorite-cash,98078.5277,44682.09171,53396.43599,1489,35
2026-10-05,favorite-cash,97521.63731,24578.33378,72943.30353,1547,58
2026-10-06,favorite-cash,97406.94463,24086.54908,73320.39555,1585,40
2026-10-07,favorite-cash,97318.48527,23091.5083,74226.97697,1644,59
2026-10-08,favorite-cash,96784.671755,22629.8532,74154.818555,1683,40
2026-10-09,favorite-cash,95629.71718,21578.63383,74051.08335,1744,61
2026-10-10,favorite-cash,96122.300835,20477.16751,75645.133325,1792,48
2026-09-19,longshot-lotto,99273.709305,93383.95926,5889.750045,208,208
2026-09-20,longshot-lotto,98826.671765,92749.9644,6076.707365,356,149
2026-09-21,longshot-lotto,98382.04903,92411.43835,5970.61068,434,79
2026-09-22,longshot-lotto,98114.275065,90453.65446,7660.620605,551,119
2026-09-23,longshot-lotto,98160.90708,90050.49291,8110.41417,629,79
2026-09-24,longshot-lotto,97993.84154,89749.74703,8244.09451,719,91
2026-09-25,longshot-lotto,98049.409375,89472.18598,8577.223395,837,119
2026-09-26,longshot-lotto,98091.105705,89298.35524,8792.750465,906,69
2026-09-27,longshot-lotto,98158.268645,89053.54749,9104.721155,943,38
2026-09-28,longshot-lotto,97769.943415,88822.44903,8947.494385,1071,130
2026-09-29,longshot-lotto,97716.014285,88538.50775,9177.506535,1130,59
2026-09-30,longshot-lotto,97610.499875,88169.80295,9440.696925,1194,65
2026-10-01,longshot-lotto,97400.556015,87863.39572,9537.160295,1226,32
2026-10-02,longshot-lotto,97577.459945,87726.42542,9851.034525,1265,40
2026-10-03,longshot-lotto,97565.65856,87284.54082,10281.11774,1312,47
2026-10-04,longshot-lotto,97623.573225,87099.31886,10524.254365,1334,22
2026-10-05,longshot-lotto,97591.71166,86872.6066,10719.10506,1396,62
2026-10-06,longshot-lotto,97409.7817,86786.67027,10623.11143,1429,33
2026-10-07,longshot-lotto,97736.040935,86597.19789,11138.843045,1479,50
2026-10-08,longshot-lotto,97512.843795,86366.48067,11146.363125,1548,69
2026-10-09,longshot-lotto,97484.89795,86057.11711,11427.78084,1594,46
2026-10-10,longshot-lotto,97669.435985,85874.40856,11795.027425,1654,60
2026-09-19,momentum-mule,100000,100000,0,0,0
2026-09-20,momentum-mule,100000,100000,0,0,0
2026-09-21,momentum-mule,100000,100000,0,0,0
2026-09-22,momentum-mule,100000,100000,0,0,0
2026-09-23,momentum-mule,100000,100000,0,0,0
2026-09-24,momentum-mule,100000,100000,0,0,0
2026-09-25,momentum-mule,99292.493245,79481.86495,19810.628295,155,155
2026-09-26,momentum-mule,99272.26862,79128.90258,20143.36604,229,90
2026-09-27,momentum-mule,98917.86348,78500.76903,20417.09445,257,55
2026-09-28,momentum-mule,98992.94857,76899.45408,22093.49449,324,82
2026-09-29,momentum-mule,98848.306785,69046.97488,29801.331905,387,80
2026-09-30,momentum-mule,98982.75959,68781.83588,30200.92371,420,54
2026-10-01,momentum-mule,98970.571545,63816.33508,35154.236465,479,64
2026-10-02,momentum-mule,98811.452635,63855.85934,34955.593295,533,78
2026-10-03,momentum-mule,98372.13158,65328.92502,33043.20656,584,85
2026-10-04,momentum-mule,98092.476975,45701.27629,52391.200685,602,44
2026-10-05,momentum-mule,98485.889095,43589.83481,54896.054285,645,67
2026-10-06,momentum-mule,98025.083,40393.88347,57631.19953,682,54
2026-10-07,momentum-mule,97788.82908,34354.71819,63434.11089,726,77
2026-10-08,momentum-mule,96549.565875,33992.13757,62557.428305,779,85
2026-10-09,momentum-mule,94478.282765,50781.60722,43696.675545,831,88
2026-10-10,momentum-mule,93403.176235,53784.12022,39619.056015,885,97
2026-09-19,fader-flipper,100000,100000,0,0,0
2026-09-20,fader-flipper,100000,100000,0,0,0
2026-09-21,fader-flipper,100000,100000,0,0,0
2026-09-22,fader-flipper,100000,100000,0,0,0
2026-09-23,fader-flipper,100000,100000,0,0,0
2026-09-24,fader-flipper,100000,100000,0,0,0
2026-09-25,fader-flipper,100000,100000,0,0,0
2026-09-26,fader-flipper,100000,100000,0,0,0
2026-09-27,fader-flipper,100000,100000,0,0,0
2026-09-28,fader-flipper,100000,100000,0,0,0
2026-09-29,fader-flipper,100000,100000,0,0,0
2026-09-30,fader-flipper,100000,100000,0,0,0
2026-10-01,fader-flipper,100000,100000,0,0,0
2026-10-02,fader-flipper,100000,100000,0,0,0
2026-10-03,fader-flipper,99818.20445,95821.04219,3997.16226,79,79
2026-10-04,fader-flipper,98949.18432,80478.19993,18470.98439,118,46
2026-10-05,fader-flipper,98382.877065,78783.96453,19598.912535,150,39
2026-10-06,fader-flipper,98619.07131,78082.67833,20536.39298,178,33
2026-10-07,fader-flipper,98027.149565,75344.36905,22682.780515,204,45
2026-10-08,fader-flipper,98520.19577,74674.50865,23845.68712,231,38
2026-10-09,fader-flipper,98262.787835,65579.60675,32683.181085,264,45
2026-10-10,fader-flipper,96199.189395,59695.49666,36503.692735,311,73
2026-09-19,yield-yak,100000,100000,0,0,0
2026-09-20,yield-yak,100000,100000,0,0,0
2026-09-21,yield-yak,100000,100000,0,0,0
2026-09-22,yield-yak,100000,100000,0,0,0
2026-09-23,yield-yak,100000,100000,0,0,0
2026-09-24,yield-yak,100000,100000,0,0,0
2026-09-25,yield-yak,100000,100000,0,0,0
2026-09-26,yield-yak,100000,100000,0,0,0
2026-09-27,yield-yak,100000,100000,0,0,0
2026-09-28,yield-yak,100000,100000,0,0,0
2026-09-29,yield-yak,100000,100000,0,0,0
2026-09-30,yield-yak,100000,100000,0,0,0
2026-10-01,yield-yak,100000,100000,0,0,0
2026-10-02,yield-yak,100000,100000,0,0,0
2026-10-03,yield-yak,100000,100000,0,0,0
2026-10-04,yield-yak,100000,100000,0,0,0
2026-10-05,yield-yak,100000,100000,0,0,0
2026-10-06,yield-yak,100000,100000,0,0,0
2026-10-07,yield-yak,100000,100000,0,0,0
2026-10-08,yield-yak,100000,100000,0,0,0
2026-10-09,yield-yak,100000,100000,0,0,0
2026-10-10,yield-yak,100000,100000,0,0,0
2026-09-19,shock-surfer,100000,100000,0,0,0
2026-09-20,shock-surfer,100000,100000,0,0,0
2026-09-21,shock-surfer,100000,100000,0,0,0
2026-09-22,shock-surfer,100000,100000,0,0,0
2026-09-23,shock-surfer,100000,100000,0,0,0
2026-09-24,shock-surfer,100000,100000,0,0,0
2026-09-25,shock-surfer,100000,100000,0,0,0
2026-09-26,shock-surfer,99875.8378,97420.47666,2455.36114,44,44
2026-09-27,shock-surfer,99685.82722,96341.71306,3344.11416,78,39
2026-09-28,shock-surfer,99537.97683,94726.69709,4811.27974,115,48
2026-09-29,shock-surfer,99351.5171,93240.48045,6111.03665,149,41
2026-09-30,shock-surfer,99120.66346,91719.79575,7400.86771,189,49
2026-10-01,shock-surfer,99048.73488,88740.92445,10307.81043,210,29
2026-10-02,shock-surfer,98429.07056,79554.92265,18874.14791,232,40
2026-10-03,shock-surfer,97799.97618,76707.15965,21092.81653,287,66
2026-10-04,shock-surfer,97859.604055,76626.16948,21233.434575,308,30
2026-10-05,shock-surfer,96823.170585,60492.91314,36330.257445,344,53
2026-10-06,shock-surfer,96386.46362,52003.15596,44383.30766,368,39
2026-10-07,shock-surfer,96757.495105,49192.03054,47565.464565,401,60
2026-10-08,shock-surfer,95798.53783,48594.03714,47204.50069,424,52
2026-10-09,shock-surfer,94932.740075,43747.72597,51185.014105,450,53
2026-10-10,shock-surfer,93325.39195,36976.31777,56349.07418,478,60
2026-09-19,breakout-bandit,100000,100000,0,0,0
2026-09-20,breakout-bandit,100000,100000,0,0,0
2026-09-21,breakout-bandit,100000,100000,0,0,0
2026-09-22,breakout-bandit,100000,100000,0,0,0
2026-09-23,breakout-bandit,100000,100000,0,0,0
2026-09-24,breakout-bandit,100000,100000,0,0,0
2026-09-25,breakout-bandit,100000,100000,0,0,0
2026-09-26,breakout-bandit,100000,100000,0,0,0
2026-09-27,breakout-bandit,100000,100000,0,0,0
2026-09-28,breakout-bandit,100000,100000,0,0,0
2026-09-29,breakout-bandit,100000,100000,0,0,0
2026-09-30,breakout-bandit,100000,100000,0,0,0
2026-10-01,breakout-bandit,100000,100000,0,0,0
2026-10-02,breakout-bandit,100000,100000,0,0,0
2026-10-03,breakout-bandit,100000,100000,0,0,0
2026-10-04,breakout-bandit,100000,100000,0,0,0
2026-10-05,breakout-bandit,100000,100000,0,0,0
2026-10-06,breakout-bandit,100000,100000,0,0,0
2026-10-07,breakout-bandit,100000,100000,0,0,0
2026-10-08,breakout-bandit,100000,100000,0,0,0
2026-10-09,breakout-bandit,100000,100000,0,0,0
2026-10-10,breakout-bandit,100000,100000,0,0,0
2026-09-19,poll-anchor-26,100000,100000,0,0,0
2026-09-20,poll-anchor-26,100000,100000,0,0,0
2026-09-21,poll-anchor-26,100000,100000,0,0,0
2026-09-22,poll-anchor-26,99289.784105,82684.90001,16604.884095,10,10
2026-09-23,poll-anchor-26,98903.72324,82712.15057,16191.57267,9,0
2026-09-24,poll-anchor-26,99107.19682,86570.64121,12536.55561,8,1
2026-09-25,poll-anchor-26,99427.55965,85775.1866,13652.37305,8,1
2026-09-26,poll-anchor-26,99413.38448,85717.32248,13696.062,9,1
2026-09-27,poll-anchor-26,99561.818545,85082.95587,14478.862675,9,1
2026-09-28,poll-anchor-26,99559.4156,84973.85667,14585.55893,10,1
2026-09-29,poll-anchor-26,99557.234865,84973.85667,14583.378195,10,0
2026-09-30,poll-anchor-26,99582.52961,84973.85667,14608.67294,10,0
2026-10-01,poll-anchor-26,99773.947225,85755.75267,14018.194555,9,0
2026-10-02,poll-anchor-26,99502.19668,85286.12907,14216.06761,10,1
2026-10-03,poll-anchor-26,99599.646675,85286.12907,14313.517605,10,0
2026-10-04,poll-anchor-26,99640.39515,85723.05907,13917.33608,9,0
2026-10-05,poll-anchor-26,99624.152815,85080.15557,14543.997245,10,1
2026-10-06,poll-anchor-26,99406.81214,85694.16357,13712.64857,9,0
2026-10-07,poll-anchor-26,99762.881005,82737.25057,17025.630435,10,1
2026-10-08,poll-anchor-26,99666.924815,85443.65883,14223.265985,10,1
2026-10-09,poll-anchor-26,99419.955485,86950.68123,12469.274255,10,1
2026-10-10,poll-anchor-26,99382.668005,84678.50463,14704.163375,10,1
2026-09-19,ratings-ratchet,100000,100000,0,0,0
2026-09-20,ratings-ratchet,100000,100000,0,0,0
2026-09-21,ratings-ratchet,100000,100000,0,0,0
2026-09-22,ratings-ratchet,99500.464905,88914.27091,10586.193995,7,7
2026-09-23,ratings-ratchet,99264.89474,88914.27091,10350.62383,7,0
2026-09-24,ratings-ratchet,99645.39088,88914.27091,10731.11997,7,0
2026-09-25,ratings-ratchet,99461.10906,90270.47451,9190.63455,6,0
2026-09-26,ratings-ratchet,99807.890415,90270.47451,9537.415905,6,0
2026-09-27,ratings-ratchet,99884.486245,90270.47451,9614.011735,6,0
2026-09-28,ratings-ratchet,99962.41799,90270.47451,9691.94348,6,0
2026-09-29,ratings-ratchet,99925.965755,90270.47451,9655.491245,6,0
2026-09-30,ratings-ratchet,99803.00525,90270.47451,9532.53074,6,0
2026-10-01,ratings-ratchet,99888.028765,90270.47451,9617.554255,6,0
2026-10-02,ratings-ratchet,99679.09042,90270.47451,9408.61591,6,0
2026-10-03,ratings-ratchet,99281.333265,90270.47451,9010.858755,6,0
2026-10-04,ratings-ratchet,99412.53949,90270.47451,9142.06498,6,0
2026-10-05,ratings-ratchet,98877.405005,84040.20611,14837.198895,7,1
2026-10-06,ratings-ratchet,98792.70643,84040.20611,14752.50032,7,0
2026-10-07,ratings-ratchet,98587.322195,84040.20611,14547.116085,7,0
2026-10-08,ratings-ratchet,98615.641075,89728.19371,8887.447365,6,0
2026-10-09,ratings-ratchet,98941.125105,89728.19371,9212.931395,6,0
2026-10-10,ratings-ratchet,98942.559585,89728.19371,9214.365875,6,0
2026-09-19,crosslayer-arb,100000,100000,0,0,0
2026-09-20,crosslayer-arb,99953.69395,99098.6377,855.05625,1,1
2026-09-21,crosslayer-arb,99929.57539,99050.7909,878.78449,3,2
2026-09-22,crosslayer-arb,99879.76271,99050.7909,828.97181,3,0
2026-09-23,crosslayer-arb,99858.64412,99050.7909,807.85322,3,0
2026-09-24,crosslayer-arb,99908.44462,99050.7909,857.65372,3,0
2026-09-25,crosslayer-arb,99929.5606,99050.7909,878.7697,3,0
2026-09-26,crosslayer-arb,99908.44462,99050.7909,857.65372,3,0
2026-09-27,crosslayer-arb,99908.44764,99050.6974,857.75024,4,1
2026-09-28,crosslayer-arb,99908.44576,99050.6974,857.74836,4,0
2026-09-29,crosslayer-arb,99888.49541,99022.6564,865.83901,5,1
2026-09-30,crosslayer-arb,99886.6748,99022.6564,864.0184,5,0
2026-10-01,crosslayer-arb,99889.39665,99022.6564,866.74025,5,0
2026-10-02,crosslayer-arb,99891.52157,99022.6564,868.86517,5,0
2026-10-03,crosslayer-arb,99844.1251,99022.6564,821.4687,5,0
2026-10-04,crosslayer-arb,99882.25382,99022.6564,859.59742,5,0
2026-10-05,crosslayer-arb,99839.26738,99022.6564,816.61098,5,0
2026-10-06,crosslayer-arb,99837.74152,99022.6564,815.08512,5,0
2026-10-07,crosslayer-arb,99855.8507,99022.6564,833.1943,5,0
2026-10-08,crosslayer-arb,99899.59208,99022.6564,876.93568,5,0
2026-10-09,crosslayer-arb,99878.0218,99810.8852,67.1366,4,0
2026-10-10,crosslayer-arb,99772.73,97798.1163,1974.6137,5,1
2026-09-19,longshot-fader,99937.56748,90587.45401,9350.11347,104,105
2026-09-20,longshot-fader,99927.760575,88800.24893,11127.511645,159,55
2026-09-21,longshot-fader,99922.96173,87988.41888,11934.54285,197,39
2026-09-22,longshot-fader,99873.597095,85593.87462,14279.722475,248,51
2026-09-23,longshot-fader,99811.47181,85261.43418,14550.03763,275,27
2026-09-24,longshot-fader,99789.669965,84268.12912,15521.540845,311,37
2026-09-25,longshot-fader,99710.7534,77000.84288,22709.91052,471,162
2026-09-26,longshot-fader,99693.58771,76377.075,23316.51271,502,32
2026-09-27,longshot-fader,99546.20453,74847.74636,24698.45817,523,21
2026-09-28,longshot-fader,99601.527465,71917.04257,27684.484895,562,39
2026-09-29,longshot-fader,99477.9507,70863.79244,28614.15826,589,29
2026-09-30,longshot-fader,99430.822975,68852.14588,30578.677095,607,19
2026-10-01,longshot-fader,99498.588335,68680.60237,30817.985965,625,19
2026-10-02,longshot-fader,99423.46175,64620.06249,34803.39926,646,21
2026-10-03,longshot-fader,99356.115165,62198.84229,37157.272875,666,20
2026-10-04,longshot-fader,99380.279395,61791.38392,37588.895475,682,16
2026-10-05,longshot-fader,99429.30272,59769.16013,39660.14259,704,22
2026-10-06,longshot-fader,99449.531155,58683.67362,40765.857535,715,11
2026-10-07,longshot-fader,99471.28161,58433.28417,41037.99744,736,21
2026-10-08,longshot-fader,99468.94582,58187.38201,41281.56381,756,20
2026-10-09,longshot-fader,99460.717035,57265.89668,42194.820355,779,23
2026-10-10,longshot-fader,99324.8661,55957.2641,43367.602,817,38
2026-09-19,combo-coherence,100000,100000,0,0,0
2026-09-20,combo-coherence,100000,100000,0,0,0
2026-09-21,combo-coherence,100000,100000,0,0,0
2026-09-22,combo-coherence,100000,100000,0,0,0
2026-09-23,combo-coherence,100000,100000,0,0,0
2026-09-24,combo-coherence,100000,100000,0,0,0
2026-09-25,combo-coherence,100000,100000,0,0,0
2026-09-26,combo-coherence,100000,100000,0,0,0
2026-09-27,combo-coherence,100000,100000,0,0,0
2026-09-28,combo-coherence,100000,100000,0,0,0
2026-09-29,combo-coherence,100000,100000,0,0,0
2026-09-30,combo-coherence,100000,100000,0,0,0
2026-10-01,combo-coherence,100000,100000,0,0,0
2026-10-02,combo-coherence,100000,100000,0,0,0
2026-10-03,combo-coherence,100000,100000,0,0,0
2026-10-04,combo-coherence,100000,100000,0,0,0
2026-10-05,combo-coherence,100000,100000,0,0,0
2026-10-06,combo-coherence,100000,100000,0,0,0
2026-10-07,combo-coherence,100000,100000,0,0,0
2026-10-08,combo-coherence,100000,100000,0,0,0
2026-10-09,combo-coherence,100000,100000,0,0,0
2026-10-10,combo-coherence,100000,100000,0,0,0
