username,strategy,origin,rank,net_equity,net_return_pct,realized_pnl,unrealized_pnl,fees_paid,trades,trading_days,markets_traded,open_positions
favorite-cash,FavoriteHold,transferred-2024,6,96122.300835,-3.877699,-1066.0438,-2811.655365,1069.4054,1797,22,1794,1792
longshot-lotto,LongshotDCA,transferred-2024,4,97669.435985,-2.330564,-999.3696,-1331.194415,794.7557,1666,22,1660,1654
momentum-mule,MomentumChase,transferred-2024,7,93403.176235,-6.596824,-6739.89066,143.066895,2713.7431,1255,16,1135,885
fader-flipper,OverreactionFade,transferred-2024,5,96199.189395,-3.800811,-1270.73564,-2530.074965,2090.1774,398,8,391,311
yield-yak,LateFavoriteYield,transferred-2024,,100000,0,0,0,0,0,0,0,0
shock-surfer,VolumeShock,transferred-2024,8,93325.39195,-6.674608,-5126.31034,-1548.29771,2344.8372,703,15,668,478
breakout-bandit,FinalWeekConsensus,transferred-2024,,100000,0,0,0,0,0,0,0,0
poll-anchor-26,StatePollVsMarket,new-2026,2,99382.668005,-0.617332,-917.1253,299.793305,1128.2471,21,12,11,10
ratings-ratchet,TwoPublisherBandGap,new-2026,,98942.559585,-1.05744,-696.2482,-361.192215,972.3226,8,2,8,6
crosslayer-arb,LayerDisagreement,new-2026,1,99772.73,-0.22727,-196.6957,-30.5743,154.4707,6,5,5,5
longshot-fader,ExtremeLongshotFade,new-2026,3,99324.8661,-0.675134,-54.5821,-620.5518,79.6732,827,22,825,817
combo-coherence,MutuallyExclusiveBasket,new-2026,,100000,0,0,0,0,0,0,0,0
